0,1a22.npy,9.47
1,1acb.npy,9.7
2,1an1.npy,9.05
3,1atn.npy,9.35
4,1avx.npy,13.22
5,1axi.npy,7.85
6,1ay7.npy,6.0
7,1buh.npy,7.11
8,1bvn.npy,11.05
9,1c9p.npy,9.0
10,1clv.npy,9.0
11,1d6r.npy,9.89
12,1dfj.npy,13.23
13,1dhk.npy,10.46
14,1djs.npy,7.39
15,1dp5.npy,9.05
16,1dpj.npy,8.52
17,1e96.npy,5.57
18,1ees.npy,7.7
19,1eja.npy,9.0
20,1emv.npy,13.62
21,1es0.npy,7.1
22,1f34.npy,10.0
23,1f3v.npy,5.11
24,1f5r.npy,4.19
25,1f7z.npy,4.91
26,1fc2.npy,7.65
27,1fle.npy,8.22
28,1fmo.npy,8.64
29,1fy8.npy,5.05
30,1g0v.npy,10.0
31,1g5j.npy,9.22
32,1g6v.npy,7.14
33,1g9i.npy,6.92
34,1gl0.npy,9.1
35,1gla.npy,6.74
36,1grn.npy,6.41
37,1gua.npy,7.4
38,1h0t.npy,5.22
39,1h1v.npy,7.64
40,1h59.npy,7.43
41,1he8.npy,5.6
42,1i4e.npy,6.92
43,1j2j.npy,5.85
44,1j7d.npy,5.7
45,1j7v.npy,10.46
46,1jgn.npy,6.46
47,1jh4.npy,5.82
48,1jiw.npy,11.4
49,1jsp.npy,4.3
50,1jtd.npy,10.57
51,1kac.npy,7.83
53,1ktz.npy,6.54
54,1kxp.npy,9.0
55,1l4d.npy,6.71
56,1l4z.npy,6.71
58,1ldt.npy,8.74
59,1lp1.npy,5.7
60,1lw6.npy,11.7
61,1lx5.npy,8.92
62,1lzw.npy,6.48
63,1m10.npy,8.24
64,1m1e.npy,9.0
66,1mah.npy,10.6
67,1mcv.npy,7.01
68,1mzw.npy,5.71
69,1nw9.npy,7.89
70,1o9a.npy,6.0
71,1oc0.npy,9.0
72,1op9.npy,9.15
73,1oph.npy,8.3
74,1otr.npy,3.81
75,1oyh.npy,7.38
76,1ozs.npy,4.51
77,1p69.npy,7.12
78,1p6a.npy,7.46
79,1p9d.npy,4.89
80,1pd7.npy,6.52
83,1ppe.npy,11.52
84,1q0w.npy,3.56
85,1q5w.npy,3.9
87,1q69.npy,6.05
88,1r0r.npy,10.53
89,1r8u.npy,7.89
90,1ri8.npy,8.54
91,1rjc.npy,10.11
92,1rkc.npy,7.41
93,1rke.npy,7.3
94,1ry7.npy,6.64
95,1sb0.npy,4.82
96,1shy.npy,7.05
97,1smf.npy,6.92
98,1sq0.npy,7.52
99,1syq.npy,7.83
100,1t01.npy,7.41
101,1t0p.npy,4.6
102,1t44.npy,6.0
103,1t5z.npy,4.48
104,1t63.npy,4.82
105,1t6b.npy,9.4
106,1ta3.npy,8.05
107,1taw.npy,10.7
108,1tba.npy,9.0
109,1tdq.npy,7.92
110,1te1.npy,8.47
111,1tlh.npy,3.52
112,1tm1.npy,11.52
113,1tm3.npy,10.72
114,1tm4.npy,9.89
115,1tm5.npy,10.77
116,1tm7.npy,11.48
117,1to1.npy,9.34
118,1u0i.npy,7.15
119,1u0s.npy,6.64
120,1u5s.npy,2.52
121,1uel.npy,5.47
122,1ugh.npy,10.92
123,1us7.npy,5.47
124,1usu.npy,5.48
126,1vet.npy,7.89
127,1veu.npy,7.89
128,1vg0.npy,8.3
130,1wa7.npy,5.02
131,1wa8.npy,7.96
133,1wpx.npy,8.74
134,1wq1.npy,4.77
135,1wqj.npy,6.06
136,1wr1.npy,4.83
137,1wrd.npy,3.39
138,1xdt.npy,8.0
139,1xg2.npy,8.3
140,1xj7.npy,4.41
141,1xr0.npy,5.0
142,1xt9.npy,6.7
143,1y1k.npy,9.52
144,1y33.npy,8.77
145,1y34.npy,9.28
146,1y3b.npy,9.51
147,1y3c.npy,10.6
148,1y3d.npy,9.25
149,1y48.npy,8.77
150,1y4a.npy,8.92
151,1y4d.npy,8.92
152,1y6k.npy,9.0
153,1y6m.npy,6.76
154,1y6n.npy,7.57
155,1y8n.npy,5.93
156,1yc0.npy,8.4
157,1ycs.npy,7.52
158,1ydi.npy,8.75
159,1yrt.npy,9.0
160,1yru.npy,9.0
161,1yvb.npy,8.19
162,1yx5.npy,3.46
163,1yx6.npy,4.14
164,1z92.npy,8.0
165,1zgu.npy,4.01
166,1zhi.npy,6.7
167,1zjd.npy,8.89
168,1zli.npy,8.89
169,1zsg.npy,5.12
170,1zv5.npy,8.0
171,1zvh.npy,7.15
172,1zvy.npy,10.0
173,2a24.npy,4.52
174,2a78.npy,7.22
175,2a7u.npy,6.92
176,2a9k.npy,7.22
177,2aq2.npy,7.96
178,2arp.npy,6.37
179,2b0z.npy,4.0
180,2b12.npy,4.7
181,2b42.npy,8.97
182,2b7c.npy,6.4
183,2b87.npy,7.0
184,2btf.npy,5.64
185,2c0l.npy,6.96
186,2c1m.npy,8.96
187,2c7m.npy,5.19
188,2cpk.npy,8.64
189,2den.npy,4.77
190,2djy.npy,4.4
191,2dsp.npy,5.52
192,2dx5.npy,3.48
193,2f31.npy,6.99
194,2f4m.npy,7.19
195,2few.npy,2.43
196,2fju.npy,5.28
197,2ftl.npy,13.22
198,2ftm.npy,10.8
199,2fuh.npy,3.52
200,2fyl.npy,5.55
201,2g2u.npy,5.9
202,2g2w.npy,6.24
203,2g81.npy,7.87
204,2gng.npy,5.22
205,2gww.npy,9.96
206,2hd5.npy,5.55
207,2hev.npy,7.21
208,2hle.npy,7.4
210,2hrk.npy,8.05
211,2hsq.npy,8.18
212,2hth.npy,3.98
213,2ixq.npy,6.15
214,2j12.npy,7.7
215,2jby.npy,7.3
216,2jgz.npy,3.0
217,2jod.npy,6.46
218,2jt4.npy,4.4
219,2jti.npy,6.23
220,2ju0.npy,7.0
221,2jy6.npy,4.7
222,2k2s.npy,7.28
223,2k2u.npy,6.44
224,2k3s.npy,5.57
225,2k3u.npy,8.08
226,2k42.npy,7.46
227,2k5b.npy,5.4
228,2k6d.npy,3.77
229,2k79.npy,3.17
230,2k7a.npy,3.17
231,2k8b.npy,2.74
232,2k8c.npy,2.74
233,2k8f.npy,5.57
235,2ka6.npy,7.28
236,2kbw.npy,6.49
238,2kgx.npy,5.05
239,2khs.npy,6.44
240,2kj4.npy,7.19
241,2knb.npy,4.96
242,2kqs.npy,4.26
243,2kri.npy,4.34
244,2kt5.npy,4.55
245,2ktf.npy,4.64
246,2kvq.npy,4.3
247,2kwi.npy,6.74
248,2kwj.npy,6.3
249,2kwk.npy,5.64
250,2kwo.npy,4.33
251,2kwu.npy,4.29
252,2kwv.npy,4.05
253,2kxh.npy,4.85
254,2kxw.npy,8.0
255,2l0f.npy,3.76
256,2l0t.npy,4.19
257,2l14.npy,5.51
258,2l1l.npy,8.15
259,2l29.npy,7.82
260,2l2l.npy,7.91
261,2l9s.npy,5.66
262,2ld7.npy,8.04
263,2leh.npy,8.48
264,2lfw.npy,8.25
265,2lkm.npy,7.92
266,2lox.npy,6.72
267,2lp0.npy,4.65
268,2lp4.npy,2.4
269,2lpb.npy,5.0
270,2lqc.npy,5.54
272,2luh.npy,6.15
273,2lvo.npy,4.89
275,2lxm.npy,10.1
276,2ly4.npy,6.46
277,2lz6.npy,4.92
278,2m04.npy,8.0
282,2m5a.npy,7.32
283,2m5b.npy,5.0
284,2m86.npy,8.59
285,2mbb.npy,3.89
286,2mcn.npy,5.72
287,2mej.npy,4.77
288,2mfq.npy,5.28
289,2mj5.npy,5.37
290,2mlx.npy,5.4
291,2mly.npy,5.7
293,2mnu.npy,6.64
294,2mp0.npy,1.6
295,2mre.npy,4.72
296,2mro.npy,3.82
297,2mur.npy,5.03
298,2mv7.npy,8.81
299,2mws.npy,4.35
300,2mzd.npy,6.06
301,2n01.npy,6.0
302,2n1d.npy,7.22
303,2n2h.npy,6.03
304,2n73.npy,6.49
306,2nbv.npy,5.03
307,2nqd.npy,10.41
308,2o3b.npy,11.49
309,2o8v.npy,5.96
310,2omt.npy,7.0
311,2omu.npy,9.22
312,2omv.npy,8.92
313,2omw.npy,5.0
314,2omx.npy,6.92
315,2omy.npy,6.7
316,2omz.npy,6.4
317,2oob.npy,4.24
318,2ot3.npy,5.74
319,2oul.npy,8.77
320,2oza.npy,8.6
321,2p43.npy,7.64
322,2p44.npy,7.7
323,2p45.npy,6.94
324,2p47.npy,8.94
325,2p48.npy,8.94
326,2p49.npy,7.64
328,2pon.npy,5.85
329,2ptc.npy,13.22
330,2ptt.npy,5.4
331,2px9.npy,4.06
332,2qc1.npy,11.0
334,2qur.npy,6.3
335,2qxv.npy,6.42
336,2rmk.npy,6.77
337,2rms.npy,6.87
338,2rnr.npy,6.82
339,2roz.npy,6.49
340,2rr3.npy,5.68
341,2ru4.npy,6.9
342,2ruk.npy,4.62
343,2rvb.npy,6.84
344,2sic.npy,10.15
345,2sni.npy,11.7
346,2tgp.npy,5.62
347,2uuy.npy,8.25
348,2uyz.npy,7.09
349,2v3b.npy,5.3
350,2v4z.npy,5.9
351,2v52.npy,5.72
352,2v6x.npy,4.55
353,2v8s.npy,4.66
354,2v9t.npy,8.09
355,2vay.npy,8.1
357,2vdb.npy,9.82
358,2ver.npy,4.88
359,2vln.npy,11.77
360,2vlo.npy,12.05
361,2vlp.npy,12.27
362,2vlq.npy,10.64
363,2vog.npy,6.68
364,2voh.npy,9.0
365,2voi.npy,8.96
366,2vsm.npy,7.46
367,2w84.npy,7.15
368,2wd5.npy,7.66
370,2wfx.npy,7.85
371,2wg4.npy,7.13
372,2wh6.npy,7.74
373,2wo2.npy,4.97
374,2wo3.npy,5.64
375,2wp3.npy,6.1
376,2wpt.npy,7.0
377,2wwk.npy,5.89
378,2wwx.npy,7.1
379,2wy8.npy,6.44
380,2x1x.npy,7.8
381,2xgy.npy,4.52
382,2xhe.npy,8.41
383,2xpx.npy,6.82
384,2xtt.npy,10.7
385,2y9m.npy,8.7
386,2ygg.npy,7.7
387,2yq7.npy,7.46
388,2z58.npy,7.8
389,2z7f.npy,7.89
390,3ajb.npy,7.39
391,3alz.npy,6.28
392,3aon.npy,8.49
393,3au4.npy,6.28
394,3beg.npy,7.3
395,3bh6.npy,7.02
396,3blh.npy,6.52
397,3bn3.npy,4.7
398,3bs5.npy,7.03
399,3bzd.npy,4.02
400,3c4o.npy,8.34
401,3c4p.npy,8.36
402,3c59.npy,8.3
403,3c5t.npy,9.22
404,3ch5.npy,3.92
405,3cqc.npy,8.4
406,3cqg.npy,8.4
407,3cx6.npy,5.32
408,3cx7.npy,6.28
409,3cx8.npy,6.47
410,3d7t.npy,4.15
411,3ddc.npy,6.11
412,3di3.npy,7.68
413,3doe.npy,7.7
415,3e1z.npy,10.44
416,3eba.npy,8.63
417,3f1p.npy,3.92
418,3f50.npy,8.05
419,3fhc.npy,7.67
420,3fii.npy,8.72
421,3fju.npy,8.8
422,3fp6.npy,13.0
423,3fpu.npy,9.92
424,3g7a.npy,8.05
425,3gb8.npy,5.19
426,3gc3.npy,5.68
427,3gj3.npy,4.31
428,3gj6.npy,5.19
429,3gni.npy,7.92
430,3gqi.npy,7.48
431,3gty.npy,9.33
432,3gxu.npy,6.69
433,3h3g.npy,6.0
434,3h6g.npy,4.82
435,3h8k.npy,7.68
436,3hct.npy,5.83
437,3idb.npy,7.95
438,3idc.npy,9.22
439,3iol.npy,6.3
440,3ixe.npy,5.64
441,3jza.npy,11.52
442,3k1r.npy,9.0
443,3k8p.npy,8.0
444,3kj0.npy,8.7
445,3kj1.npy,8.7
446,3kj2.npy,8.7
447,3knb.npy,6.03
448,3kuc.npy,6.35
449,3kud.npy,5.77
451,3kw5.npy,6.41
452,3kyi.npy,3.66
453,3l9j.npy,9.47
454,3lbx.npy,6.4
455,3lms.npy,8.92
456,3m18.npy,9.74
457,3m63.npy,6.76
458,3mca.npy,6.41
459,3me2.npy,10.17
460,3mj7.npy,5.3
461,3mzg.npy,2.3
462,3mzw.npy,10.66
463,3n00.npy,6.66
464,3n06.npy,2.51
465,3n0p.npy,2.29
466,3n4i.npy,8.96
467,3ncb.npy,1.03
468,3ncc.npy,0.67
469,3nvn.npy,8.03
470,3o34.npy,5.06
471,3o40.npy,8.85
472,3o43.npy,8.05
473,3o5t.npy,5.82
474,7sq2.npy,6.7
475,3oiq.npy,5.42
476,3ojm.npy,6.89
477,3oky.npy,5.89
478,3ol2.npy,5.26
479,3olm.npy,4.04
480,3ona.npy,6.17
481,3oun.npy,7.24
484,3p71.npy,6.42
485,3p92.npy,8.23
486,3p95.npy,5.82
487,3pnr.npy,7.92
488,3qc8.npy,4.95
489,3qhy.npy,11.96
490,3qq8.npy,5.82
491,3qsk.npy,7.04
492,3qwq.npy,8.7
493,3rgf.npy,8.15
495,3sgb.npy,10.75
496,3sjh.npy,5.47
497,3sri.npy,6.78
498,3t04.npy,7.28
499,3tac.npy,6.26
500,3tei.npy,6.3
501,3tg1.npy,6.0
502,3tgk.npy,4.92
503,3tkl.npy,6.37
504,3tnf.npy,11.0
505,3tu3.npy,7.24
506,3tz1.npy,6.85
507,3u43.npy,15.0
508,3u82.npy,7.77
509,3u9z.npy,5.81
510,3ujg.npy,5.77
516,3ul4.npy,7.94
517,3uyo.npy,5.17
518,3uyp.npy,5.39
519,3uzq.npy,10.09
520,3uzv.npy,9.37
521,3v1c.npy,7.52
522,3v6b.npy,6.55
523,3v96.npy,8.96
524,3vv2.npy,10.28
525,3vyr.npy,6.85
526,3w8h.npy,6.79
527,3w8i.npy,8.67
528,3wa5.npy,7.55
529,3wdg.npy,8.92
530,3wqb.npy,8.74
531,3wwn.npy,5.18
532,3zet.npy,6.54
533,3zkq.npy,8.92
534,3znz.npy,6.71
535,3zo0.npy,6.36
536,3zu7.npy,8.18
537,3zwz.npy,7.69
538,3zyi.npy,8.14
539,4a1u.npy,6.27
540,4a49.npy,4.38
541,4an7.npy,8.49
542,4ap2.npy,7.7
543,4apf.npy,6.19
544,4apx.npy,5.54
545,4aqe.npy,5.62
546,4awx.npy,6.3
547,4b1x.npy,5.36
548,4b1y.npy,6.57
549,4b93.npy,5.64
550,4bd9.npy,7.51
552,4bkx.npy,5.3
553,4bru.npy,6.7
554,4brw.npy,7.3
555,4c2a.npy,8.01
556,4c4k.npy,5.57
557,4c4p.npy,6.6
558,4c5g.npy,5.99
559,4c7n.npy,9.0
560,4c9b.npy,7.55
561,4cj0.npy,7.01
562,4cj1.npy,7.32
563,4cmm.npy,6.1
564,4ct0.npy,7.55
566,4d0g.npy,5.74
567,4d0n.npy,4.74
568,4dbg.npy,6.28
569,4did.npy,5.22
570,4dj9.npy,7.0
571,4ds8.npy,5.11
572,4dt1.npy,6.25
573,4dvg.npy,5.52
574,4dxa.npy,5.74
575,4dzu.npy,9.7
576,4dzv.npy,7.96
577,4ehq.npy,5.89
578,4eig.npy,9.0
579,4ekd.npy,7.66
580,4etp.npy,6.43
581,4euk.npy,5.39
582,4exp.npy,6.3
583,4f0a.npy,5.62
584,4f38.npy,8.54
585,4f48.npy,5.49
586,4fza.npy,7.0
587,4fzv.npy,7.88
588,4g01.npy,5.47
589,4g35.npy,7.27
590,4g6u.npy,7.75
591,4gaf.npy,11.74
592,4gi3.npy,9.17
593,4giq.npy,5.68
594,4gn4.npy,6.6
595,4h5s.npy,4.9
596,4h6j.npy,6.72
597,4hcn.npy,3.97
598,4hcp.npy,5.03
599,4hdo.npy,6.44
600,4hep.npy,6.52
601,4hff.npy,9.57
602,4hgm.npy,7.8
603,4hrl.npy,9.0
604,4i6l.npy,7.7
605,4ika.npy,4.24
606,4iop.npy,9.17
607,4iu3.npy,7.68
608,4iyp.npy,6.52
609,4j2y.npy,9.06
610,4j32.npy,8.89
611,4je4.npy,7.85
612,4jeg.npy,7.92
613,4jeh.npy,8.09
614,4jeu.npy,8.85
615,4js0.npy,5.3
616,4jw2.npy,8.43
617,4k0a.npy,9.74
618,4k5a.npy,7.99
619,4ka2.npy,11.08
620,4kr0.npy,7.78
621,4krl.npy,7.33
622,4ksd.npy,6.28
624,4kt3.npy,9.59
625,4l0p.npy,8.05
626,4l67.npy,6.49
627,4lad.npy,7.42
628,4lgr.npy,9.96
630,4m0w.npy,5.17
632,4m5f.npy,10.87
633,4mrt.npy,6.04
634,4n7z.npy,6.75
635,4nm3.npy,4.22
636,4nqw.npy,6.38
637,4nso.npy,9.01
638,4nu1.npy,4.22
639,4nzl.npy,7.6
640,4nzw.npy,6.3
641,4ol0.npy,8.33
642,4p3y.npy,6.84
643,4pas.npy,6.9
644,4pbz.npy,7.3
645,4per.npy,15.0
646,4plo.npy,7.42
647,4pou.npy,6.8
648,4pqt.npy,5.96
649,4pw9.npy,4.87
651,4qlp.npy,9.64
652,4qxa.npy,6.49
654,4rey.npy,6.97
655,4rs1.npy,7.62
656,4rt6.npy,7.88
657,4rws.npy,8.22
658,4tq1.npy,3.46
659,4u32.npy,6.42
660,4u4c.npy,6.51
661,4u97.npy,5.6
662,4udm.npy,8.4
663,4uem.npy,8.19
664,4uf1.npy,5.16
665,4uyq.npy,10.85
666,4w6w.npy,8.45
667,4w6x.npy,8.28
668,4w6y.npy,8.8
669,4wem.npy,5.17
670,4wen.npy,7.0
672,4x33.npy,6.6
673,4x7s.npy,8.0
674,4xl5.npy,8.85
675,4xwj.npy,8.35
676,4xxb.npy,5.83
677,4y5o.npy,5.85
678,4y61.npy,6.45
679,4yc7.npy,5.72
680,4yeb.npy,7.77
681,4yh7.npy,6.82
682,4yj4.npy,8.0
683,4yl8.npy,5.27
684,4yn0.npy,7.07
685,4yoc.npy,6.22
686,4yvq.npy,5.69
687,4yyp.npy,6.55
688,4z9k.npy,8.66
689,4zgm.npy,9.42
690,4zgq.npy,5.6
691,4zgy.npy,6.15
692,4zii.npy,7.18
693,4zk9.npy,9.62
694,4zkc.npy,9.66
695,4zqu.npy,7.8
696,4zrj.npy,5.54
697,4zw2.npy,8.31
698,5ajj.npy,5.49
699,5b64.npy,7.15
700,5b75.npy,5.0
701,5b76.npy,5.24
702,5b77.npy,4.97
703,5b78.npy,5.73
704,5bn5.npy,4.96
705,5bnq.npy,9.81
706,5c3f.npy,5.8
707,5cxb.npy,8.04
708,5cyk.npy,6.6
709,5d1k.npy,6.74
710,5d1l.npy,6.85
711,5d1m.npy,7.21
712,5d3i.npy,9.22
713,5dc4.npy,7.46
714,5dfw.npy,9.3
715,5djt.npy,7.77
716,5dob.npy,6.0
717,5e6p.npy,5.7
718,5e95.npy,7.8
719,5ee5.npy,4.59
720,5eg3.npy,6.87
721,5elu.npy,6.38
722,5eo9.npy,6.43
723,5eql.npy,7.17
724,5f4e.npy,7.32
725,5f5s.npy,7.66
726,5fr1.npy,5.48
727,5fr2.npy,6.85
728,5fzt.npy,4.32
729,5g1x.npy,4.92
730,5gjk.npy,6.92
732,5gpg.npy,8.58
733,5gtb.npy,4.34
734,5h3j.npy,6.57
735,5h7y.npy,6.9
736,5hpk.npy,8.01
737,5hps.npy,6.49
738,5hvf.npy,10.52
739,5ij0.npy,5.1
740,5ij9.npy,4.87
741,5imk.npy,6.07
742,5imm.npy,8.46
743,5imt.npy,6.44
744,5inb.npy,6.91
745,5ixd.npy,7.15
746,5j56.npy,8.49
747,5j57.npy,10.7
749,5jds.npy,8.52
750,5jw7.npy,5.04
751,5jw9.npy,7.07
752,5k22.npy,7.6
754,5kve.npy,7.46
755,5kxh.npy,6.31
756,5ky0.npy,5.19
757,5ky4.npy,5.0
758,5ky5.npy,6.1
759,5ky9.npy,5.23
760,5l8j.npy,5.7
761,5lhn.npy,7.95
762,5li1.npy,6.33
763,5lxm.npy,6.74
764,5lz3.npy,4.72
765,5lz6.npy,5.1
766,5m2j.npy,9.89
768,5ma3.npy,10.42
769,5ma4.npy,10.28
770,5ma6.npy,9.52
771,5me5.npy,5.67
772,5ml9.npy,6.66
773,5mtj.npy,6.47
774,5mtm.npy,8.15
775,5mtn.npy,7.63
776,5mv8.npy,5.85
777,5mv9.npy,6.0
778,5my6.npy,8.4
779,5npo.npy,6.02
780,5nqf.npy,6.77
781,5nqg.npy,7.3
782,5nus.npy,7.96
783,5nwm.npy,7.4
784,5o2t.npy,6.78
785,5o90.npy,5.96
786,5oaq.npy,7.24
787,5oen.npy,8.0
788,5omn.npy,8.02
789,5oy9.npy,5.43
790,5oyl.npy,5.12
791,5szh.npy,5.28
792,5szi.npy,6.6
793,5szj.npy,3.1
794,5szk.npy,5.96
795,5t0f.npy,7.24
796,5tar.npy,5.64
797,5tp6.npy,8.72
798,5tvq.npy,6.06
799,5tzp.npy,7.52
800,5u4k.npy,4.82
801,5u4m.npy,9.41
802,5ua4.npy,7.59
803,5ufe.npy,7.3
804,5uk5.npy,6.09
806,5uul.npy,8.32
807,5uwc.npy,7.75
808,5uzu.npy,8.0
809,5v5h.npy,6.8
810,5v62.npy,7.6
811,5v69.npy,7.44
812,5v6a.npy,7.27
813,5vkl.npy,6.95
815,5vwy.npy,5.89
816,5vz4.npy,8.1
817,5vzm.npy,4.31
818,5w89.npy,7.6
819,5wgg.npy,6.15
820,5wos.npy,6.45
821,5wpa.npy,6.26
822,5wrv.npy,6.14
823,5wuj.npy,6.37
824,5xbf.npy,5.77
825,5xco.npy,8.05
826,5xeq.npy,9.4
827,5xiu.npy,4.6
828,5xoc.npy,5.1
829,5xod.npy,7.55
830,5xv8.npy,7.15
831,5yi8.npy,5.74
832,5yip.npy,8.43
834,5yr0.npy,5.12
835,5ywr.npy,7.41
836,6aaf.npy,6.79
837,6amb.npy,4.75
838,6arq.npy,4.99
839,6aw2.npy,7.24
840,6azp.npy,7.45
841,6b6u.npy,4.7
842,6ba6.npy,3.79
843,6bmt.npy,6.51
845,6cbp.npy,5.15
846,6ch3.npy,5.0
847,6d13.npy,8.03
848,6dsl.npy,9.3
849,6e3i.npy,8.49
850,6e3j.npy,7.85
851,6eg0.npy,4.11
852,6f9s.npy,5.79
853,6fc3.npy,7.7
854,6ff3.npy,7.87
855,6fg8.npy,6.01
856,6fp7.npy,8.52
857,6fub.npy,7.54
858,6fud.npy,7.14
859,6g04.npy,6.15
860,6gbg.npy,6.38
861,6gd5.npy,8.42
862,6h9n.npy,6.1
863,6hul.npy,6.52
864,6i3f.npy,7.69
865,6imf.npy,7.62
866,6isc.npy,5.62
867,6r2g.npy,12.12
868,6qb3.npy,5.62
869,6pnq.npy,7.31
870,6pnp.npy,6.52
871,6ov2.npy,8.45
872,6osw.npy,5.7
873,6oqj.npy,8.05
874,6on9.npy,5.0
875,6ne4.npy,8.8
876,6ne2.npy,8.89
877,6ne1.npy,8.85
878,6n9d.npy,10.75
879,6n85.npy,6.62
880,6mud.npy,5.99
881,6mc9.npy,6.52
882,6mba.npy,7.77
883,6mav.npy,10.47
884,6m7l.npy,4.98
885,6kbr.npy,11.05
888,6jwj.npy,7.07
889,6jjw.npy,8.09
890,6jcs.npy,6.54
891,6jb8.npy,9.89
892,6jb2.npy,6.53
893,6j4s.npy,6.8
894,6j4o.npy,7.74
895,6iwd.npy,7.74
898,6ivu.npy,10.96
901,6ire.npy,7.97
902,6ird.npy,6.68
903,6im9.npy,7.6
904,6ihb.npy,7.24
906,6i2m.npy,8.27
907,6her.npy,7.4
908,6har.npy,10.21
909,6h47.npy,8.0
910,6h46.npy,7.52
911,6h16.npy,7.5
913,6fv0.npy,5.76
914,6fuz.npy,5.5
915,6fbx.npy,6.46
916,6f2g.npy,8.41
917,6f0f.npy,6.74
918,6er6.npy,7.29
919,6dgf.npy,8.02
920,6d4p.npy,7.19
922,6akm.npy,5.16
923,5zau.npy,7.22
925,5xln.npy,5.61
926,5vmo.npy,6.05
927,5l21.npy,8.43
928,5jjd.npy,5.04
930,5h9b.npy,6.17
931,5g15.npy,6.77
932,6oqk.npy,7.38
934,6gum.npy,5.92
935,6gho.npy,6.1
936,6umt.npy,8.59
0,5bxq.npy,6.82
1,1a3b.npy,9.52
2,1a4y.npy,15.0
4,1ak4.npy,4.77
5,1akj.npy,3.9
6,1ava.npy,9.66
7,1avg.npy,11.52
8,1avz.npy,4.8
10,1b27.npy,14.0
11,1b2s.npy,9.8
12,1b2u.npy,7.0
13,1b3s.npy,9.93
14,1b6c.npy,6.55
16,1bql.npy,7.0
17,1brs.npy,13.89
18,1bth.npy,8.0
19,1bvk.npy,7.85
20,1c9t.npy,9.0
21,1ca0.npy,8.15
22,1cbw.npy,7.8
23,1cmx.npy,5.77
27,1dee.npy,6.4
28,1dit.npy,12.0
29,1dqj.npy,8.55
30,1du3.npy,7.8
31,1dzb.npy,6.28
32,1e3u.npy,6.0
33,1e4k.npy,5.77
34,1e6e.npy,6.07
35,1e6j.npy,7.54
36,1eaw.npy,10.3
37,1eer.npy,9.0
38,1efn.npy,6.42
39,1efx.npy,5.02
40,1eo8.npy,8.05
41,1ewy.npy,8.45
44,1fak.npy,9.4
45,1fe8.npy,5.7
46,1ffw.npy,5.92
48,1fg9.npy,10.0
49,1flt.npy,8.87
50,1fqj.npy,7.17
51,1fsk.npy,9.62
52,1gcq.npy,4.77
53,1gl1.npy,9.89
54,1gng.npy,7.41
55,1go4.npy,5.98
56,1gpw.npy,7.72
57,1gxd.npy,8.28
58,1hcf.npy,9.59
59,1hez.npy,6.84
60,1hia.npy,7.89
61,1hqr.npy,7.0
62,1hrt.npy,11.52
63,1hxy.npy,9.3
64,1i2m.npy,11.6
65,1i3o.npy,9.01
66,1i4d.npy,5.52
67,1i51.npy,6.2
68,1i5k.npy,7.38
69,1i8k.npy,7.66
70,1i8l.npy,6.7
71,1ib1.npy,3.46
72,1ibr.npy,9.52
73,1icf.npy,11.77
74,1id5.npy,8.82
75,1ihs.npy,9.52
76,1ijk.npy,7.64
77,1iqd.npy,10.85
78,1jmo.npy,6.94
79,1jps.npy,10.0
80,1jrh.npy,7.85
81,1jtg.npy,9.96
82,1jwh.npy,7.9
83,1k2d.npy,4.0
84,1k5d.npy,6.0
85,1k93.npy,7.7
86,1kgy.npy,7.6
87,1kig.npy,9.74
88,1kkl.npy,7.35
89,1ktk.npy,4.7
90,1kxq.npy,8.46
91,1kxt.npy,6.63
92,1kxv.npy,8.46
93,1l0x.npy,5.22
94,1l0y.npy,5.22
96,1lfd.npy,5.71
97,1lj2.npy,4.57
98,1lm8.npy,6.66
99,1lqb.npy,7.51
100,1lqs.npy,8.4
101,1mhh.npy,9.0
102,1mi5.npy,5.0
103,1mlc.npy,7.04
104,1mq8.npy,5.52
105,1mtn.npy,8.02
107,1n64.npy,8.89
108,1nb5.npy,10.16
109,1nca.npy,8.08
110,1nez.npy,5.0
111,1nf3.npy,7.3
112,1nl0.npy,8.8
113,1nm5.npy,7.22
115,1nsn.npy,10.0
116,1nvu.npy,5.44
117,1nys.npy,8.0
118,1nyu.npy,8.0
119,1o94.npy,5.3
120,1o95.npy,5.3
121,1ob1.npy,9.7
122,1oey.npy,8.4
123,1ogy.npy,9.3
124,1oqe.npy,6.96
125,1oyv.npy,8.05
126,1p0s.npy,10.96
127,1p1z.npy,4.1
128,1p22.npy,6.32
129,1p27.npy,9.15
130,1p2c.npy,10.01
131,1p3q.npy,5.92
132,1p4b.npy,10.4
133,1p4l.npy,5.52
135,1pk1.npy,7.27
136,1psb.npy,4.7
137,1pvh.npy,7.1
138,1pxv.npy,9.51
139,1qa9.npy,6.0
141,1qfw.npy,8.0
142,1qse.npy,5.14
143,1qty.npy,11.0
144,1qur.npy,12.54
145,1r6q.npy,6.48
146,1rlb.npy,6.1
147,1rpq.npy,7.49
148,1rv6.npy,6.56
150,1s1q.npy,3.3
151,1s4y.npy,8.16
152,6s53.npy,5.3
153,1sbb.npy,3.85
154,1sg1.npy,6.73
155,1shz.npy,5.52
156,1sv0.npy,7.95
157,1sy6.npy,5.56
158,1tbq.npy,12.7
159,1tbr.npy,12.7
161,1toc.npy,12.0
162,1tt5.npy,4.66
163,1ty4.npy,8.19
164,1tzh.npy,8.74
166,1tzn.npy,9.77
167,1u7f.npy,7.24
168,1u7v.npy,6.53
169,1uad.npy,6.86
170,1uex.npy,8.7
171,1ul1.npy,7.22
172,1usv.npy,5.48
173,1uug.npy,5.89
174,1uuz.npy,7.6
175,1uwx.npy,5.8
176,1v7p.npy,8.22
177,1vfb.npy,8.43
178,1vpp.npy,5.09
179,1vrc.npy,4.55
180,1vsq.npy,3.3
181,1vyh.npy,7.1
182,1vyt.npy,7.7
183,1w1w.npy,3.59
184,1w72.npy,7.85
185,1wdw.npy,7.84
186,1wej.npy,7.22
187,1wr6.npy,3.64
188,1wve.npy,8.15
189,1x1u.npy,7.88
190,1x1w.npy,7.58
191,1x1x.npy,7.28
192,1x1y.npy,4.9
193,1x75.npy,7.76
194,1xd3.npy,6.52
196,1xqs.npy,5.19
197,1xu1.npy,8.23
198,1xwd.npy,3.41
199,1xx9.npy,8.52
200,1xxd.npy,6.22
201,1xxf.npy,6.7
202,1y76.npy,5.3
203,1yd8.npy,3.74
206,1yy9.npy,8.64
207,1yyl.npy,8.4
208,1yym.npy,5.02
209,1z0k.npy,5.11
210,1z5s.npy,5.52
211,1z7x.npy,15.54
212,1za3.npy,7.47
213,1zc3.npy,7.38
214,1zc4.npy,7.38
215,1ze3.npy,5.92
216,1zm4.npy,6.01
217,1zmy.npy,8.12
218,1zr0.npy,7.89
219,2a6d.npy,6.82
220,2a6i.npy,6.92
221,2a6k.npy,6.68
222,2a9h.npy,6.05
223,2abz.npy,8.55
226,2ajf.npy,8.0
227,2ak4.npy,5.0
228,2aq1.npy,8.26
229,2aq3.npy,5.12
230,2ass.npy,8.22
231,2ast.npy,5.15
232,2aw2.npy,7.6
233,2aze.npy,5.31
234,2b10.npy,5.0
235,2b11.npy,5.3
236,2b2w.npy,5.3
237,2b2x.npy,8.72
238,2b4j.npy,7.96
240,2bdn.npy,11.34
241,2be6.npy,8.58
242,2bnq.npy,5.3
243,2bnr.npy,4.88
244,2bo9.npy,8.52
245,2bp7.npy,9.0
246,2bqz.npy,4.7
247,2bwe.npy,4.1
248,2byk.npy,5.64
250,2c1t.npy,8.7
251,2c5d.npy,8.22
252,2c7n.npy,5.19
253,2cjs.npy,7.0
254,2cmr.npy,10.3
255,2d10.npy,8.77
256,2d1k.npy,6.64
257,2dd8.npy,7.7
258,2dsq.npy,6.26
259,2dsr.npy,6.5
260,2efd.npy,8.14
261,2efh.npy,7.44
263,2es4.npy,8.3
264,2f5z.npy,9.11
265,2f6a.npy,6.7
266,2f9z.npy,6.05
267,2fdb.npy,6.81
268,2fjg.npy,8.82
269,2fjh.npy,7.92
270,2fu5.npy,9.15
271,2g45.npy,5.55
272,2g9h.npy,7.0
273,2gh0.npy,7.05
275,2gox.npy,9.1
277,2h62.npy,5.57
279,2h9g.npy,8.3
280,2hfg.npy,9.22
281,2hqs.npy,7.57
282,2hwn.npy,8.7
283,2i25.npy,9.0
284,2i26.npy,8.03
285,2i32.npy,5.89
286,2i3s.npy,5.44
287,2i3t.npy,5.57
288,2i5y.npy,8.57
289,2i60.npy,8.2
290,2i9b.npy,9.02
291,2ibf.npy,8.11
292,2iff.npy,8.0
293,2ifg.npy,9.05
294,2ihs.npy,7.4
295,2ij0.npy,9.74
296,2ijo.npy,7.62
297,2iou.npy,5.46
298,2iwg.npy,7.43
299,2iy0.npy,7.97
300,2iy1.npy,6.1
301,2iyb.npy,5.44
302,2j0t.npy,9.4
303,2j1k.npy,8.96
304,2j4w.npy,9.22
305,2j59.npy,7.26
306,2j5l.npy,7.11
307,2j6e.npy,6.22
308,2j7p.npy,8.0
309,2j8s.npy,7.55
310,2j8u.npy,4.5
311,2j8x.npy,8.1
312,2jcc.npy,4.81
313,2jel.npy,8.55
314,2jix.npy,7.52
315,2jjs.npy,5.92
316,2jjt.npy,5.92
317,2jki.npy,5.79
318,2jtt.npy,5.31
319,2jzn.npy,3.3
320,2k05.npy,6.7
321,2kde.npy,5.05
322,2ki4.npy,5.87
323,2kyg.npy,7.17
324,2lnh.npy,7.4
325,2lnk.npy,8.4
326,2lvp.npy,4.87
327,2lvq.npy,4.65
328,2lxp.npy,7.42
329,2m49.npy,5.0
330,2ma9.npy,5.91
331,2mak.npy,3.51
332,2mjw.npy,5.21
333,2mkc.npy,8.11
335,2n13.npy,5.51
336,2noj.npy,7.89
337,2nup.npy,5.0
338,2nut.npy,5.0
339,2nyy.npy,9.9
340,2nyz.npy,9.05
341,2nz1.npy,7.74
342,2nz9.npy,9.87
343,2o98.npy,9.07
344,2odg.npy,6.23
345,2ody.npy,8.74
346,2oin.npy,6.29
347,2oje.npy,6.22
348,2onl.npy,8.22
349,2oor.npy,7.81
350,2oqj.npy,3.7
352,2otk.npy,7.77
353,2p1l.npy,5.64
354,2p3f.npy,10.37
355,2p42.npy,7.64
356,2p46.npy,6.94
357,2p4a.npy,9.74
358,2p5e.npy,10.32
359,2p5t.npy,9.0
360,2pcb.npy,5.0
361,2pcc.npy,5.8
362,2phe.npy,4.82
363,2pjy.npy,6.3
364,2pkg.npy,5.97
365,2pms.npy,7.99
366,2pop.npy,5.38
367,2psm.npy,10.52
368,2pw8.npy,13.6
369,2pye.npy,7.09
370,2q0o.npy,7.83
372,2q7n.npy,11.0
373,2qej.npy,8.96
374,2qho.npy,4.22
375,2qiy.npy,6.92
376,2qj9.npy,8.62
377,2qja.npy,8.96
378,2qjb.npy,8.31
379,2qr0.npy,8.11
380,2r0k.npy,9.22
381,2r0l.npy,7.84
382,2r56.npy,5.3
383,2r9p.npy,4.85
384,2ra3.npy,10.7
385,2rf9.npy,4.89
386,2rgn.npy,7.44
387,2uwe.npy,5.33
389,2uzi.npy,9.46
391,2v2w.npy,5.66
392,2v51.npy,6.0
393,2v5q.npy,7.15
394,2ve7.npy,5.4
396,2vir.npy,9.0
397,2vis.npy,5.4
398,2vlj.npy,5.28
399,2vlr.npy,5.31
400,2vof.npy,9.15
401,2vwe.npy,9.94
402,2vxq.npy,9.96
403,2vxs.npy,8.68
404,2vxt.npy,9.7
405,2vyr.npy,7.36
406,2w19.npy,6.85
407,2w2m.npy,6.71
408,2w2n.npy,6.85
409,2w2x.npy,4.66
410,2w80.npy,8.4
411,2w81.npy,8.4
412,2w83.npy,6.38
413,2w8b.npy,7.42
414,2w9e.npy,10.0
415,2wbj.npy,3.25
417,2wg3.npy,7.13
418,2wii.npy,4.96
419,2wjv.npy,6.7
421,2wqz.npy,6.88
422,2wss.npy,7.1
423,2wub.npy,6.82
424,2wuc.npy,6.79
425,2wus.npy,5.3
426,2wvw.npy,5.7
427,2wx0.npy,5.1
428,2wy2.npy,2.89
429,2wy3.npy,7.18
430,2x1w.npy,7.8
431,2x2d.npy,5.21
432,2x89.npy,7.36
433,2x9a.npy,5.36
434,2xa0.npy,7.45
435,2xb6.npy,6.94
436,2xbb.npy,4.96
437,2xdf.npy,4.68
438,2xns.npy,6.09
439,2xqb.npy,10.28
440,2xqr.npy,7.51
441,2xqw.npy,6.74
442,2xra.npy,8.48
443,2xtj.npy,8.36
444,2xzd.npy,8.02
445,2xze.npy,6.95
446,2y0b.npy,8.22
448,2y5b.npy,5.38
449,2y6t.npy,11.7
450,2y8s.npy,9.0
451,2y8t.npy,7.99
452,2ybr.npy,9.68
453,2yj1.npy,7.59
454,2ypl.npy,5.52
455,2ypv.npy,10.52
456,2yvj.npy,3.53
457,2z34.npy,6.05
458,2z3q.npy,10.42
459,2z3r.npy,10.42
460,2z8v.npy,8.32
461,2z8w.npy,8.33
462,2za4.npy,9.85
463,2zvk.npy,6.4
464,2zvn.npy,5.8
465,2zvo.npy,5.8
466,2zxx.npy,8.36
467,3a4s.npy,5.55
468,3a67.npy,8.25
469,3a6b.npy,6.97
470,3a6c.npy,8.15
471,3aa0.npy,5.4
472,3aa6.npy,6.59
473,3aaa.npy,7.68
474,3ay4.npy,7.22
475,3b08.npy,4.76
476,3b23.npy,9.5
477,3b2u.npy,9.0
478,3b2v.npy,8.48
479,3b4v.npy,10.52
480,6s29.npy,8.11
481,3b9f.npy,4.62
482,3bdy.npy,6.52
483,3be1.npy,7.59
484,3bg4.npy,7.46
485,3bgf.npy,7.59
486,3bik.npy,5.1
487,3biw.npy,7.01
488,3bk3.npy,7.66
489,3bky.npy,7.52
490,3bow.npy,7.19
491,3bp8.npy,8.38
492,3bpl.npy,6.25
493,3bpn.npy,6.31
494,3bpo.npy,7.7
497,3bx1.npy,8.35
498,3c09.npy,7.37
499,3c4m.npy,6.01
500,3c66.npy,5.52
501,3c8k.npy,3.99
502,3c9a.npy,8.11
503,3chw.npy,7.24
504,3cqx.npy,5.35
505,3crk.npy,5.08
506,3d1m.npy,5.57
507,3d2u.npy,8.4
508,3d39.npy,6.19
509,3d3v.npy,6.34
510,3d5o.npy,6.0
511,3d5r.npy,7.72
512,3d5s.npy,7.59
513,3d7u.npy,4.52
514,3da7.npy,6.89
515,3dbh.npy,5.78
516,3dbl.npy,5.06
517,3dbr.npy,5.99
518,3dco.npy,4.94
519,3dgc.npy,9.0
520,3di2.npy,4.74
521,3dmm.npy,5.09
522,3dvg.npy,8.06
523,3dvn.npy,7.04
524,3dvu.npy,6.7
525,3dxa.npy,6.52
526,3dxc.npy,6.66
527,3dxd.npy,6.47
528,3dxe.npy,6.48
529,3e2h.npy,5.34
530,3e2k.npy,10.16
531,3e2l.npy,10.16
532,3e2u.npy,5.64
533,3e3q.npy,6.94
534,3eab.npy,4.92
535,3ech.npy,6.52
536,3eg5.npy,5.9
537,3egg.npy,8.06
538,3ehu.npy,5.18
539,3eiq.npy,6.96
540,3ejh.npy,5.3
541,3ejj.npy,6.34
542,3eo1.npy,9.6
543,3eoa.npy,8.66
544,3eob.npy,8.66
545,3eoy.npy,8.55
546,3etb.npy,10.54
547,3ew3.npy,8.92
549,3f5c.npy,6.05
550,3f7p.npy,4.31
551,3ff7.npy,3.7
552,3ff8.npy,3.89
553,3ffc.npy,5.05
554,3fie.npy,9.0
555,3fku.npy,9.89
556,3fsh.npy,8.3
557,3fxd.npy,7.7
558,3g3a.npy,6.37
559,3g3b.npy,7.47
560,3g6d.npy,10.82
561,3g6j.npy,8.72
562,3g7z.npy,10.7
563,3g9v.npy,12.0
564,3g9w.npy,4.44
565,3gd1.npy,6.01
566,3gj4.npy,5.18
567,3gj5.npy,4.33
568,3gj7.npy,5.4
569,3gj8.npy,5.52
570,3gjf.npy,7.2
571,3gjn.npy,12.0
572,3gmw.npy,10.3
573,3gs2.npy,8.04
574,3gsn.npy,4.56
575,3h2u.npy,4.9
576,3h2v.npy,4.66
577,3h3p.npy,7.85
578,3h42.npy,11.4
579,3h6s.npy,10.1
580,3h7b.npy,4.39
581,3h8d.npy,7.1
582,3h9h.npy,5.27
583,3hae.npy,7.34
584,3hcu.npy,5.83
585,3he6.npy,7.16
586,3he7.npy,6.53
587,3hg0.npy,7.8
588,3hh2.npy,7.91
589,3hi1.npy,7.95
590,3hi6.npy,5.33
591,3ho5.npy,6.66
592,3hpw.npy,4.89
593,3htu.npy,5.74
595,3huj.npy,6.7
596,3ia3.npy,7.03
597,3idx.npy,8.39
598,3idy.npy,8.39
599,3ifq.npy,6.94
600,3im4.npy,7.32
601,3inb.npy,6.7
602,3it8.npy,10.37
603,3iu3.npy,9.85
604,3ixa.npy,5.01
605,3ixs.npy,7.05
606,3ixt.npy,10.46
607,3jrm.npy,12.0
608,3jse.npy,11.52
609,3jsv.npy,3.88
610,3jtl.npy,11.15
611,3jvf.npy,6.53
612,3k2m.npy,8.15
613,3k2u.npy,9.8
614,3k3q.npy,9.83
615,3k6g.npy,7.78
616,3k75.npy,6.96
617,3k9m.npy,8.7
618,3kbt.npy,8.03
619,3kls.npy,8.26
620,3kpr.npy,5.82
621,3kps.npy,4.31
622,3kr3.npy,10.31
623,3kxf.npy,4.57
624,3kz0.npy,6.56
625,3kz1.npy,6.96
626,3l33.npy,6.87
627,3l5n.npy,6.74
628,3l5w.npy,10.28
629,3l5x.npy,9.57
630,3l89.npy,6.55
631,3l95.npy,8.6
632,3laq.npy,9.77
633,3lb6.npy,11.33
634,3lb8.npy,4.18
635,3lev.npy,9.22
636,3lh2.npy,10.33
637,3lhp.npy,10.55
638,3lk2.npy,7.0
640,3lk4.npy,8.82
641,3lqa.npy,5.8
642,3m0a.npy,5.77
643,3m9d.npy,5.47
644,3ma2.npy,5.82
645,3ma9.npy,8.0
646,3mac.npy,6.7
647,3mc0.npy,6.9
648,3mhp.npy,5.56
649,3mj9.npy,8.1
650,3mjh.npy,5.62
651,3mv7.npy,5.66
652,3mv8.npy,4.46
653,3mv9.npy,5.24
654,3mxw.npy,9.15
656,3nfp.npy,9.57
657,3ngb.npy,8.11
658,3nh7.npy,7.7
659,3noc.npy,8.82
660,3nog.npy,7.65
661,3nps.npy,10.15
662,3npz.npy,5.5
663,3nvq.npy,6.54
664,3o4o.npy,5.63
665,3o6b.npy,6.64
666,3o6f.npy,5.26
667,3o6q.npy,9.34
668,3o8x.npy,6.16
669,3o9w.npy,5.21
670,3oak.npy,6.77
671,3oed.npy,6.3
672,3ogo.npy,9.49
673,3oj2.npy,6.89
674,3onl.npy,4.92
675,3onw.npy,8.64
676,3opz.npy,9.14
677,3orv.npy,5.03
678,3osl.npy,8.74
679,3owt.npy,5.6
680,3oxu.npy,4.47
681,3p0y.npy,8.72
682,3p11.npy,9.41
683,3p6z.npy,5.71
684,3p8m.npy,8.15
685,3p9w.npy,7.8
686,3pbp.npy,7.3
687,3pl6.npy,4.84
688,3pmh.npy,7.09
689,3pp4.npy,5.15
690,3pvm.npy,7.38
691,3q1s.npy,7.14
692,3q3g.npy,8.3
693,3q4f.npy,5.39
694,3q9n.npy,7.77
695,3q9u.npy,8.28
697,3qbr.npy,7.17
698,3qbt.npy,6.05
699,3qbv.npy,6.32
700,3qdg.npy,5.25
701,3qdj.npy,4.4
702,3qdm.npy,4.54
703,3qeq.npy,3.77
704,3qht.npy,7.09
705,3qi2.npy,7.35
706,3qib.npy,4.86
707,3qiu.npy,6.49
708,3qiw.npy,3.3
709,3qlu.npy,7.96
710,3qml.npy,7.89
711,3qs7.npy,7.4
712,3qt2.npy,8.72
713,3qtl.npy,8.84
714,3qux.npy,6.61
715,3quy.npy,6.73
716,3quz.npy,7.4
717,3qwo.npy,7.06
718,3qwr.npy,8.7
719,3r0l.npy,8.35
720,3r1g.npy,8.89
722,3r4d.npy,7.67
723,3r85.npy,4.38
724,3r9a.npy,5.46
725,3rbb.npy,7.91
726,3rdt.npy,5.22
727,3rdz.npy,8.57
728,3rea.npy,6.75
729,3reb.npy,7.02
730,3rgv.npy,4.82
731,3rk3.npy,5.7
732,3rkd.npy,8.23
733,3rpg.npy,5.3
734,3rt0.npy,5.92
735,3rtq.npy,6.82
736,3ru8.npy,7.47
737,3rug.npy,5.36
738,5vpl.npy,7.77
739,5vpg.npy,7.72
740,3ry6.npy,3.3
741,3rzc.npy,6.14
742,3rzw.npy,7.17
743,3s2k.npy,7.15
744,3s4s.npy,5.06
745,3s5l.npy,5.28
746,3s8v.npy,7.3
747,3scm.npy,5.52
748,3sda.npy,5.28
749,3sdc.npy,4.97
750,3sdd.npy,5.32
753,3sgk.npy,8.54
754,3sip.npy,6.0
755,3sja.npy,7.77
756,3sjd.npy,7.51
757,3sjv.npy,4.51
758,3skj.npy,9.09
759,3sku.npy,7.15
760,3so3.npy,9.41
761,3sqo.npy,11.3
762,3ssb.npy,9.22
763,3sua.npy,4.72
765,3syn.npy,6.22
766,3t0y.npy,6.71
767,3t1q.npy,5.3
768,3t2n.npy,7.4
769,3t4a.npy,4.77
770,3t6g.npy,7.52
771,3thm.npy,9.46
772,3tje.npy,7.77
773,3tjz.npy,6.0
774,3tl8.npy,5.46
775,3tn0.npy,5.66
776,3to4.npy,7.3
777,3tq7.npy,5.82
778,3tsr.npy,15.7
779,3tvj.npy,8.22
780,3tvm.npy,7.28
781,3twi.npy,6.22
782,3u1j.npy,7.59
783,3u8x.npy,5.47
784,3u9d.npy,6.3
785,3uai.npy,7.35
786,3uaj.npy,8.54
787,3uc0.npy,8.89
789,3uir.npy,9.36
790,3ula.npy,8.55
791,3uts.npy,3.56
792,3ux9.npy,9.13
793,3uz0.npy,6.25
794,3uze.npy,8.1
795,3v3k.npy,7.41
797,3v62.npy,7.1
798,3v6o.npy,9.0
799,3v6z.npy,6.92
800,3ve0.npy,5.71
801,3vep.npy,4.99
802,3vfm.npy,4.05
803,3vfn.npy,3.73
804,3vfo.npy,3.7
805,3vfp.npy,4.09
806,3vfr.npy,3.92
807,3vfs.npy,3.7
808,3vft.npy,3.7
809,3vfu.npy,3.7
810,3vfv.npy,4.68
811,3vfw.npy,4.35
812,3vg9.npy,8.36
813,3vh8.npy,4.77
814,3vhx.npy,4.82
815,3vpj.npy,8.56
816,3vux.npy,5.05
817,3vwj.npy,6.13
818,3vwk.npy,6.08
819,3vxr.npy,5.01
820,3vxs.npy,4.19
821,3vxu.npy,5.8
823,3vza.npy,6.32
824,3w2d.npy,9.24
825,3w6j.npy,7.25
826,3w9e.npy,8.44
827,3wa0.npy,5.58
828,3wd5.npy,9.94
829,3wih.npy,7.72
830,3wkn.npy,8.8
831,3wkt.npy,7.0
832,3wn5.npy,5.8
833,3wn7.npy,8.14
834,3wo3.npy,7.16
835,3wo4.npy,7.82
836,3wrx.npy,5.68
837,3wry.npy,6.51
838,3wwk.npy,5.52
839,3wwq.npy,4.44
840,3zeu.npy,6.54
842,3zjy.npy,5.52
843,3zrz.npy,10.52
844,3zs8.npy,7.29
845,3zs9.npy,6.82
846,3zuv.npy,6.93
847,3zv0.npy,3.96
848,3zwh.npy,5.81
849,3zwl.npy,6.8
850,3zyj.npy,8.1
852,4a94.npy,11.31
853,4aei.npy,9.1
854,4afq.npy,8.62
855,4afz.npy,9.05
856,4ag2.npy,8.21
857,4al8.npy,9.35
858,4ala.npy,9.33
859,4am0.npy,9.38
860,4aoq.npy,6.7
861,4aor.npy,7.22
862,4asw.npy,7.0
863,4auo.npy,6.4
864,4auq.npy,3.87
865,4ayd.npy,6.09
866,4aye.npy,5.48
867,4ayi.npy,8.7
868,4b0m.npy,5.62
869,4b1v.npy,6.49
870,4bj5.npy,4.52
871,4bkl.npy,6.56
873,4bpk.npy,7.6
874,4bpx.npy,6.6
875,4bq6.npy,7.57
876,4bqd.npy,9.3
878,4bwq.npy,4.71
879,4bxl.npy,6.62
880,4bxz.npy,5.42
881,4byf.npy,6.05
882,4c1n.npy,7.74
883,4c2b.npy,8.05
884,4c99.npy,6.94
885,4cc4.npy,5.27
886,4cdk.npy,5.72
887,4cj2.npy,7.96
888,4cmh.npy,9.7
889,4cni.npy,11.0
890,4cvw.npy,10.52
891,4d2g.npy,5.25
892,4d9q.npy,10.52
893,4d9r.npy,11.4
894,4day.npy,8.35
895,4dck.npy,6.92
896,4dcn.npy,5.48
897,4dg4.npy,5.57
898,4dge.npy,4.41
899,4dgi.npy,6.35
900,4dh2.npy,7.49
901,4di3.npy,7.22
902,4djz.npy,8.15
903,4dkd.npy,7.03
904,4dke.npy,9.92
905,4dkf.npy,8.51
906,4dm6.npy,5.82
907,4dm8.npy,5.82
908,4dn4.npy,10.66
909,4doh.npy,6.16
910,4doq.npy,6.85
913,4drb.npy,6.96
914,4drx.npy,6.81
915,4dtg.npy,10.14
916,4dx8.npy,5.91
917,4e05.npy,8.44
918,4e41.npy,3.52
920,4eah.npy,8.77
921,4edw.npy,8.0
922,4eee.npy,9.7
923,4eef.npy,9.22
924,4ei5.npy,4.75
925,4eiz.npy,8.52
926,4ekc.npy,7.66
927,4elm.npy,5.22
928,4en3.npy,5.6
929,4eo5.npy,8.62
930,4eoz.npy,6.0
931,4eqa.npy,8.62
932,4ers.npy,8.72
933,4etq.npy,9.74
934,4etw.npy,5.51
935,4f0z.npy,8.4
936,4f37.npy,8.26
937,4f3f.npy,9.14
938,4f6r.npy,9.0
939,4f9l.npy,7.18
940,4f9p.npy,7.82
941,4fao.npy,10.66
942,4ffy.npy,7.74
943,4ffz.npy,6.38
944,4fq0.npy,6.06
946,4fqj.npy,9.05
947,4fqv.npy,8.96
950,4ftg.npy,7.52
951,5jpm.npy,7.68
953,4g4s.npy,5.56
954,4g59.npy,6.38
955,4g6f.npy,7.77
956,4g6j.npy,8.39
957,4g6m.npy,9.54
958,4g6v.npy,7.68
959,4g8a.npy,9.73
960,4g8g.npy,5.34
961,4g9f.npy,5.96
962,4geh.npy,7.93
963,4geq.npy,5.46
964,4gg6.npy,4.94
965,4gh7.npy,8.24
966,4gko.npy,2.82
967,4gla.npy,4.45
968,4glv.npy,8.53
969,4gms.npy,7.7
970,4gn3.npy,5.34
971,4gn5.npy,7.51
972,4gnk.npy,6.66
973,4grl.npy,3.81
976,4gxu.npy,8.21
977,4h1l.npy,4.42
978,4h2s.npy,4.67
979,4h2w.npy,5.76
980,4h3p.npy,5.7
981,4h88.npy,8.54
982,4hdq.npy,6.02
983,4hem.npy,8.0
984,4hfk.npy,9.57
985,4hgk.npy,9.72
986,4hh3.npy,5.89
987,4hix.npy,6.82
988,4hj0.npy,7.64
989,4hjj.npy,9.8
990,4hkj.npy,6.32
991,4hkx.npy,6.44
992,4hlz.npy,8.7
993,4hmy.npy,4.7
995,4hsa.npy,8.72
996,4hx3.npy,8.22
997,4i0c.npy,6.34
998,4i18.npy,8.25
999,4i2x.npy,5.92
1000,4i3r.npy,7.92
1001,4i77.npy,11.0
1002,4i9x.npy,8.22
1003,4ic7.npy,6.37
1004,4idj.npy,11.77
1005,4ihh.npy,7.23
1006,4ihl.npy,6.46
1007,4iiq.npy,4.51
1008,4ij3.npy,9.05
1009,4ilg.npy,8.31
1010,4ilw.npy,8.24
1011,4imy.npy,8.0
1012,4iof.npy,8.4
1013,4ios.npy,7.72
1014,4iw4.npy,6.21
1015,4j2l.npy,7.05
1016,4j4p.npy,7.4
1018,4jan.npy,7.7
1020,4jgh.npy,7.55
1021,4jkp.npy,7.29
1022,4jlr.npy,10.52
1024,4jo6.npy,8.82
1025,4jpk.npy,7.36
1026,4jra.npy,7.55
1027,4jrx.npy,5.43
1028,4jry.npy,4.6
1029,4jw3.npy,5.84
1030,4jzj.npy,8.4
1031,4jzw.npy,10.81
1032,4k1r.npy,4.99
1033,4k24.npy,6.27
1034,4k2u.npy,10.82
1035,4k3j.npy,8.92
1036,4k5b.npy,9.19
1037,4k71.npy,8.1
1038,4k81.npy,5.44
1039,4k94.npy,9.2
1040,4k9e.npy,11.19
1041,4kbb.npy,6.74
1042,4kdi.npy,6.15
1043,4kfz.npy,7.03
1046,4kht.npy,8.37
1047,4khx.npy,8.38
1048,4kjy.npy,10.38
1049,4kp3.npy,6.52
1050,4kro.npy,6.56
1051,4krp.npy,6.78
1052,4kt5.npy,5.96
1053,4kv5.npy,8.77
1054,4kvg.npy,6.15
1056,4kxz.npy,8.52
1057,4leo.npy,9.3
1058,4lgp.npy,9.64
1059,4liq.npy,9.7
1060,4llo.npy,4.88
1061,4lmq.npy,9.03
1063,4lqf.npy,10.19
1064,4lqw.npy,4.03
1065,4lrx.npy,4.82
1066,4lrz.npy,6.3
1067,4lu5.npy,10.18
1069,4lyl.npy,7.51
1070,4m1g.npy,7.84
1071,4m38.npy,4.92
1072,4m5z.npy,8.3
1073,4m62.npy,8.59
1074,4m6b.npy,8.15
1075,4m8q.npy,8.4
1076,4may.npy,3.91
1077,4mhh.npy,9.05
1078,4mhj.npy,9.0
1079,4mi8.npy,5.86
1080,4mit.npy,6.75
1081,4mjs.npy,7.67
1082,4ml7.npy,9.57
1083,4mne.npy,7.37
1084,4mp0.npy,8.06
1085,4mqv.npy,5.54
1086,4mqw.npy,9.54
1087,4msm.npy,5.52
1088,4myw.npy,7.72
1089,4n7v.npy,7.49
1090,4n8c.npy,9.4
1091,4n8v.npy,4.65
1092,4n9g.npy,9.49
1093,4naw.npy,7.39
1094,4ne9.npy,5.93
1095,4nee.npy,5.74
1096,4ng2.npy,5.49
1097,4niq.npy,5.3
1098,4nl9.npy,6.6
1099,4nm8.npy,8.6
1100,4nn6.npy,8.82
1101,4noo.npy,8.31
1102,4np4.npy,10.72
1103,4nst.npy,5.86
1104,4o1q.npy,5.21
1105,4o27.npy,7.6
1106,4od2.npy,9.04
1107,4odx.npy,8.69
1108,4ofy.npy,6.22
1110,4ons.npy,7.8
1112,4ov6.npy,8.8
1113,4ovn.npy,7.34
1114,4oyd.npy,9.66
1115,4ozf.npy,4.1
1116,4ozg.npy,4.8
1117,4ozh.npy,4.61
1118,4ozi.npy,4.15
1120,4p23.npy,5.22
1121,4p2c.npy,8.4
1122,4p2o.npy,6.0
1123,4p2q.npy,6.0
1124,4p2r.npy,6.0
1125,4p46.npy,4.49
1126,4p59.npy,10.49
1127,4p5t.npy,5.3
1128,4p6i.npy,6.54
1129,4p9h.npy,7.48
1130,4pbv.npy,5.62
1131,4pbw.npy,6.26
1132,4pc0.npy,6.7
1133,4peq.npy,15.7
1134,4pgj.npy,7.59
1135,4pj2.npy,10.33
1136,4pj5.npy,3.7
1137,4pj7.npy,5.57
1138,4pj8.npy,6.0
1139,4pj9.npy,5.62
1140,4pja.npy,5.38
1141,4pjb.npy,5.04
1142,4pjc.npy,5.38
1143,4pjd.npy,5.66
1144,4pje.npy,3.7
1145,4pjf.npy,4.45
1146,4pjg.npy,3.7
1147,4pjh.npy,3.7
1148,4pjx.npy,3.7
1149,4pl8.npy,6.49
1150,4pp8.npy,6.31
1151,4ps4.npy,11.24
1153,4pwx.npy,6.27
1154,4py8.npy,9.0
1155,4pz6.npy,6.68
1156,4q5e.npy,6.24
1158,4qci.npy,10.55
1159,4qd2.npy,5.57
1160,4qlb.npy,5.8
1162,4qrp.npy,5.61
1163,4qt8.npy,6.55
1164,4qti.npy,7.76
1165,4qzv.npy,4.45
1166,4r2g.npy,7.47
1167,4r8g.npy,6.31
1169,4ra0.npy,11.57
1170,4rdq.npy,7.82
1171,4re1.npy,5.92
1172,4rgm.npy,7.64
1173,4rgo.npy,8.1
1175,4rwt.npy,6.64
1176,4s0s.npy,7.94
1177,4s3o.npy,5.21
1178,4thn.npy,10.05
1179,4tq0.npy,5.16
1180,4u0q.npy,5.96
1181,4u2x.npy,9.0
1182,4u30.npy,6.86
1183,4u3j.npy,6.8
1184,4u5w.npy,5.58
1185,4u6h.npy,10.04
1186,4u6v.npy,11.0
1187,4ui0.npy,7.06
1188,4ui1.npy,6.91
1189,4uu9.npy,10.85
1190,4uuz.npy,6.62
1191,4uwq.npy,5.52
1192,4uwx.npy,5.16
1193,4uyp.npy,10.7
1194,4v0m.npy,6.46
1195,4v0n.npy,6.46
1196,4v0o.npy,6.46
1197,4v2c.npy,4.74
1198,4v3k.npy,6.04
1199,4w4l.npy,8.89
1200,4w4o.npy,8.38
1202,4weu.npy,5.24
1203,4wfd.npy,5.89
1204,4wnn.npy,6.1
1205,4wo4.npy,7.18
1206,4wuu.npy,7.88
1207,4wv1.npy,8.59
1208,4ww2.npy,5.41
1209,4wwi.npy,7.82
1210,4wwk.npy,5.4
1211,4x4m.npy,8.06
1212,4x7d.npy,8.46
1213,4x7e.npy,8.15
1214,4x7f.npy,7.55
1215,4xhj.npy,9.71
1216,4xhu.npy,7.59
1217,4xi5.npy,9.31
1218,4xkh.npy,6.03
1219,4xkl.npy,4.41
1220,4xl1.npy,6.52
1221,4xlw.npy,6.58
1222,4xnm.npy,8.1
1223,4xoi.npy,5.14
1224,4xr8.npy,4.66
1225,4xvp.npy,8.38
1226,4xxw.npy,5.29
1227,4ybl.npy,9.77
1228,4ydh.npy,5.59
1229,4yiq.npy,5.7
1230,4yiz.npy,8.1
1231,4yk4.npy,6.44
1232,4ypg.npy,10.36
1234,4ywc.npy,6.31
1235,4z2m.npy,5.7
1236,4z5r.npy,10.74
1237,4z80.npy,7.92
1238,4z8l.npy,6.77
1239,4z9v.npy,4.92
1240,4zak.npy,7.25
1241,4zff.npy,8.3
1242,4zfg.npy,8.3
1243,4zfo.npy,10.68
1244,4zi2.npy,6.38
1245,4zi3.npy,6.38
1246,4zlt.npy,8.85
1247,4zpt.npy,8.0
1248,4zrk.npy,6.0
1249,4zrp.npy,8.74
1250,4zs6.npy,6.51
1251,4zs7.npy,10.68
1252,4zv4.npy,7.64
1253,5a3i.npy,7.44
1254,5a6w.npy,7.51
1255,5aam.npy,8.42
1256,5aaw.npy,8.36
1257,5abv.npy,9.28
1258,5agw.npy,7.99
1259,5agx.npy,7.3
1260,5ajk.npy,5.58
1262,5aoq.npy,8.39
1263,5ayr.npy,8.71
1264,5ays.npy,9.29
1265,5b3h.npy,6.91
1266,5b71.npy,9.82
1267,5bk1.npy,8.96
1268,5bo1.npy,9.1
1269,5boz.npy,9.15
1271,5brm.npy,6.92
1272,5bt1.npy,6.08
1273,5bvp.npy,10.52
1274,5bw7.npy,7.28
1275,5bw8.npy,6.27
1276,5c07.npy,5.13
1277,5c08.npy,5.11
1278,5c09.npy,3.4
1279,5c0a.npy,3.22
1280,5c0b.npy,6.3
1281,5c0c.npy,4.35
1282,5c0n.npy,5.38
1284,5c4v.npy,5.96
1285,5c67.npy,10.05
1287,5c7x.npy,12.4
1288,5cd5.npy,6.54
1289,5cff.npy,5.97
1290,5chv.npy,5.83
1292,5cjs.npy,8.02
1293,5cmn.npy,6.66
1294,5ctr.npy,6.06
1295,5cw7.npy,12.55
1296,5cx3.npy,6.27
1297,5czf.npy,10.0
1298,5czv.npy,9.52
1299,5czx.npy,9.22
1300,5d1q.npy,10.89
1301,5d1x.npy,10.68
1302,5d1z.npy,12.0
1303,5d28.npy,7.57
1304,5d2l.npy,5.29
1305,5d2n.npy,5.33
1307,5d50.npy,5.59
1308,5d5m.npy,6.15
1309,5d70.npy,8.7
1310,5d71.npy,10.19
1311,5d72.npy,11.22
1312,5d7i.npy,4.09
1313,5d7j.npy,5.52
1314,5d7l.npy,4.98
1315,5d8j.npy,8.75
1316,5d93.npy,7.8
1317,5d96.npy,8.66
1319,5dfv.npy,9.3
1320,5dh9.npy,7.43
1321,5dha.npy,6.11
1322,5di9.npy,5.62
1323,5dju.npy,7.94
1324,5dmi.npy,9.04
1325,5dmj.npy,8.28
1326,5do2.npy,6.79
1327,5drz.npy,8.36
1328,5dwu.npy,7.31
1329,5e3e.npy,7.39
1330,5e4e.npy,10.08
1331,5e6j.npy,4.92
1332,5e7f.npy,8.04
1333,5e8d.npy,8.19
1334,5e8e.npy,8.74
1335,5e94.npy,8.52
1336,5e9d.npy,6.89
1337,5eb1.npy,6.85
1338,5edv.npy,5.8
1339,5ee4.npy,5.21
1340,5eib.npy,5.32
1341,5eiv.npy,4.55
1342,5ejc.npy,6.71
1343,5eoa.npy,7.0
1344,5eof.npy,5.42
1345,5ep6.npy,6.14
1347,5eu6.npy,5.2
1348,5eyp.npy,9.09
1349,5ezo.npy,9.0
1350,5f1b.npy,3.8
1351,5f3b.npy,11.52
1352,5f3x.npy,8.51
1353,5f5o.npy,6.79
1354,5f6k.npy,6.89
1355,5fcu.npy,8.22
1356,5ffo.npy,8.09
1357,5fhx.npy,10.92
1358,5fo8.npy,6.46
1359,5fo9.npy,5.72
1360,5foa.npy,5.21
1361,5fob.npy,5.89
1362,5fqd.npy,6.66
1363,5ft8.npy,6.93
1365,5fv2.npy,11.14
1366,5fvk.npy,5.74
1368,5ghw.npy,8.02
1369,5gim.npy,9.26
1370,5grj.npy,10.38
1371,5gvi.npy,5.66
1372,5gwo.npy,7.52
1373,5gwp.npy,8.68
1374,5gy2.npy,9.69
1375,5gzn.npy,5.27
1376,5gzo.npy,6.79
1377,5h07.npy,5.55
1380,5hdq.npy,8.92
1381,5hgg.npy,10.27
1382,5hhm.npy,3.7
1383,5hho.npy,3.7
1384,5hk5.npy,6.84
1385,5hlz.npy,8.3
1386,5hpy.npy,6.89
1387,5hvg.npy,9.2
1388,5hxb.npy,6.46
1390,5hys.npy,10.41
1391,5i5k.npy,10.75
1392,5ibk.npy,7.15
1393,5ibl.npy,5.44
1394,5ibw.npy,9.6
1395,5ies.npy,6.43
1396,5ifs.npy,9.7
1397,5igx.npy,6.15
1398,5iia.npy,8.74
1399,5ikc.npy,7.57
1400,5imy.npy,6.11
1401,5ioh.npy,6.11
1402,5ip4.npy,6.35
1403,5itz.npy,7.12
1404,5ius.npy,9.9
1405,5ivx.npy,6.27
1406,5j11.npy,7.54
1407,5j13.npy,10.22
1408,5j28.npy,6.71
1409,5j3d.npy,8.86
1410,5j3h.npy,8.6
1411,5j4a.npy,7.14
1412,5j7c.npy,9.68
1413,5jdo.npy,8.52
1414,5jem.npy,5.22
1415,5jg6.npy,5.8
1416,5jh5.npy,5.55
1417,5jhf.npy,5.7
1418,5jhl.npy,8.57
1419,5jhw.npy,9.52
1420,5jke.npy,7.04
1421,5jlv.npy,7.82
1422,5jmc.npy,7.07
1423,5jq6.npy,9.1
1424,5jsb.npy,6.82
1425,5jsn.npy,6.1
1427,5jtm.npy,4.82
1433,5jyl.npy,8.06
1434,5jze.npy,5.13
1435,5k59.npy,11.6
1436,5kho.npy,6.05
1437,5kn5.npy,9.99
1438,5knm.npy,5.7
1439,5kov.npy,8.73
1440,5ks9.npy,5.55
1441,5ksa.npy,5.33
1442,5ksb.npy,5.7
1443,5kvd.npy,6.58
1444,5kvf.npy,7.49
1445,5kvg.npy,8.06
1446,5kw9.npy,7.69
1447,5kwy.npy,6.37
1448,5l2k.npy,5.94
1449,5l6n.npy,8.52
1450,5l6y.npy,10.24
1451,5lcv.npy,6.08
1452,5lgk.npy,5.92
1453,5lp5.npy,6.4
1454,5lpu.npy,5.11
1455,5lqb.npy,9.0
1456,5lrw.npy,5.03
1457,5lxq.npy,6.19
1458,5m2i.npy,9.27
1459,5m2m.npy,8.82
1460,5m36.npy,5.56
1461,5m5e.npy,10.15
1462,5ma5.npy,10.54
1463,5mad.npy,8.96
1464,5mak.npy,10.54
1465,5men.npy,4.47
1466,5mfc.npy,7.74
1467,5mhs.npy,8.7
1468,5mi0.npy,6.39
1469,5mj3.npy,9.96
1470,5mjy.npy,4.95
1471,5mk0.npy,5.51
1472,5mn2.npy,5.59
1473,5mr4.npy,6.66
1474,5mr5.npy,7.1
1475,5mrv.npy,5.42
1476,5mu3.npy,7.37
1477,5mzv.npy,7.44
1478,5n47.npy,8.15
1479,5n48.npy,8.3
1480,5n4w.npy,8.0
1481,5n7w.npy,7.1
1482,5n88.npy,5.99
1483,5nan.npy,7.76
1484,5ngv.npy,10.8
1485,5nh3.npy,9.01
1486,5nhu.npy,9.0
1487,5nmv.npy,9.0
1488,5nnp.npy,7.33
1489,5nqw.npy,8.85
1490,5nt1.npy,4.79
1491,5nt7.npy,4.97
1492,5nvk.npy,9.4
1493,5nvl.npy,9.52
1494,5nvm.npy,7.85
1495,5nvn.npy,7.26
1496,5nzz.npy,5.77
1497,5o03.npy,7.22
1498,5o05.npy,9.09
1499,5o0w.npy,10.13
1500,5o2s.npy,8.41
1501,5o2u.npy,9.16
1502,5o4e.npy,8.41
1503,5o74.npy,5.0
1504,5o76.npy,6.6
1505,5oc7.npy,7.48
1506,5odw.npy,9.62
1507,5ohm.npy,10.33
1508,5ohp.npy,5.46
1509,5omb.npy,6.37
1510,5omm.npy,7.98
1511,5ona.npy,6.74
1514,5osh.npy,6.82
1515,5otj.npy,9.77
1516,5otx.npy,6.73
1517,5ovw.npy,9.03
1518,5sv3.npy,9.2
1519,5sws.npy,4.52
1520,5swz.npy,4.4
1521,5sx4.npy,9.47
1522,5sx5.npy,8.94
1524,5sy8.npy,10.95
1525,5t1d.npy,7.07
1526,5t29.npy,9.42
1527,5t5b.npy,9.91
1528,5t5f.npy,9.72
1529,5t5w.npy,4.8
1530,5t6l.npy,10.55
1531,5tdy.npy,7.4
1532,5te4.npy,8.0
1533,5te6.npy,8.59
1534,5te7.npy,8.55
1535,5tez.npy,4.12
1536,5tfw.npy,10.79
1537,5tgh.npy,6.02
1538,5th9.npy,11.1
1539,5thp.npy,9.68
1540,5tl6.npy,4.24
1541,5tl7.npy,2.73
1542,5toj.npy,7.64
1543,5tru.npy,7.97
1544,5tte.npy,6.57
1546,5twa.npy,7.18
1547,5tz2.npy,8.95
1548,5tzn.npy,5.24
1549,5tzq.npy,7.8
1550,5tzt.npy,8.54
1551,5u4y.npy,7.6
1552,5u52.npy,7.57
1554,5ufq.npy,8.19
1555,5un5.npy,7.74
1556,5upk.npy,3.98
1557,5uq3.npy,6.74
1558,5ush.npy,8.82
1559,5usl.npy,10.8
1560,5utz.npy,8.73
1561,5uv8.npy,6.85
1562,5uwh.npy,6.17
1563,5uwo.npy,5.52
1564,5uwq.npy,4.7
1565,5uws.npy,5.82
1566,5uwu.npy,5.34
1567,5v52.npy,5.43
1568,5v5g.npy,8.05
1569,5v5i.npy,6.33
1570,5v5v.npy,7.68
1571,5vag.npy,8.03
1572,5vcb.npy,7.21
1573,5vey.npy,6.52
1574,5vmm.npy,9.38
1575,5vob.npy,9.82
1576,5vpg.npy,7.72
1577,5vpl.npy,7.77
1579,5vu0.npy,8.6
1580,5vwx.npy,7.83
1581,5vx0.npy,4.68
1582,5vx2.npy,8.6
1583,5vx3.npy,9.4
1584,5vxz.npy,12.14
1585,5vyf.npy,9.73
1586,5w06.npy,9.85
1587,5w08.npy,7.4
1588,5w0k.npy,7.16
1589,5w1m.npy,7.79
1590,5w1t.npy,6.95
1591,5w3x.npy,5.47
1594,5w8t.npy,4.57
1595,5w9a.npy,3.99
1596,5wb7.npy,6.12
1597,5wb8.npy,5.55
1598,5whk.npy,8.74
1599,5wi9.npy,10.07
1600,5wko.npy,9.0
1601,5wql.npy,8.0
1602,5wt9.npy,8.84
1603,5wux.npy,10.56
1604,5wvo.npy,7.75
1605,5wy2.npy,6.27
1606,5x0w.npy,5.43
1607,5x4l.npy,5.63
1609,5xda.npy,5.8
1610,5xfs.npy,6.88
1611,5xis.npy,3.55
1612,5xj3.npy,7.74
1613,5xj4.npy,9.18
1615,5xku.npy,10.76
1616,5xmh.npy,3.8
1617,5xnp.npy,6.55
1618,5xot.npy,6.57
1619,5xov.npy,5.97
1620,5xqz.npy,4.91
1621,5xsq.npy,8.13
1622,5xwd.npy,8.23
1623,5xwt.npy,4.84
1624,5xxy.npy,8.0
1625,5y11.npy,7.59
1626,5y1z.npy,5.37
1627,5y4r.npy,7.54
1628,5yc5.npy,6.74
1629,5ydr.npy,4.58
1630,5yir.npy,9.57
1631,5yis.npy,8.38
1632,5yoy.npy,10.74
1633,5ywo.npy,8.19
1634,5ywp.npy,8.54
1635,5z78.npy,6.05
1636,5zxv.npy,7.24
1637,6a0z.npy,7.28
1638,6a67.npy,9.0
1642,6aod.npy,9.79
1643,6aqr.npy,6.37
1644,6asr.npy,4.83
1645,6atk.npy,6.37
1646,6avf.npy,3.7
1647,6avg.npy,4.39
1648,6azz.npy,8.17
1650,6b08.npy,7.8
1651,6b0a.npy,8.43
1652,6b0e.npy,7.39
1653,6b0g.npy,7.51
1654,6b0s.npy,6.75
1655,6b12.npy,8.09
1656,6b3m.npy,9.16
1657,6b3s.npy,7.92
1659,6b9j.npy,9.46
1660,6bb4.npy,7.81
1661,6bck.npy,9.07
1662,6bf4.npy,6.75
1663,6bit.npy,8.59
1664,6bkb.npy,8.82
1665,6bkc.npy,9.1
1666,6bkd.npy,6.95
1667,6blh.npy,8.39
1668,6bli.npy,9.28
1670,6bva.npy,7.04
1671,6bx4.npy,6.68
1672,6bx5.npy,7.85
1673,6bxa.npy,7.4
1674,6bxc.npy,7.89
1675,6byh.npy,7.6
1676,6c16.npy,6.38
1677,6c48.npy,7.4
1678,6ce9.npy,8.46
1679,6ch2.npy,4.54
1680,6cmg.npy,7.56
1682,6cql.npy,5.94
1683,6cqn.npy,4.84
1684,6cqq.npy,5.16
1685,6cqr.npy,4.98
1686,6cwt.npy,11.7
1688,6ddm.npy,9.38
1689,6ddr.npy,9.03
1690,6ddv.npy,8.24
1691,6dmx.npy,6.96
1692,6dnq.npy,7.38
1693,6e2p.npy,4.73
1694,6e62.npy,8.49
1695,6e63.npy,8.43
1696,6eg1.npy,4.12
1697,6ehg.npy,9.62
1698,6ejg.npy,9.09
1699,6ejm.npy,9.07
1700,6eyd.npy,7.05
1701,6eyo.npy,10.7
1702,6f3z.npy,6.39
1703,6fc2.npy,5.47
1704,6fe4.npy,8.02
1705,6fgb.npy,10.23
1706,6fgo.npy,6.36
1707,6fhp.npy,7.32
1708,6flb.npy,9.0
1709,6flc.npy,6.75
1710,6fq0.npy,6.8
1711,6fu9.npy,8.33
1712,6g10.npy,8.23
1713,6gbh.npy,7.16
1714,6gbu.npy,6.61
1715,6gfi.npy,9.31
1716,6h06.npy,5.25
1717,6h0e.npy,6.62
1718,6hpr.npy,6.08
1719,6ii4.npy,7.78
1720,6ii8.npy,6.41
1721,6ii9.npy,7.71
1722,6mft.npy,5.64
1723,6mgp.npy,6.17
1724,6mhr.npy,7.66
1725,6mi2.npy,7.16
1726,6mkz.npy,9.7
1727,6mlk.npy,7.89
1730,6r8x.npy,11.33
1731,6r2s.npy,10.7
1732,6qms.npy,5.97
1733,6qmq.npy,6.43
1734,6qmp.npy,6.15
1735,6qj4.npy,6.2
1736,6qb6.npy,5.94
1738,6q18.npy,6.22
1739,6q0o.npy,6.4
1740,6q0h.npy,5.74
1741,6pxh.npy,7.55
1742,6ppg.npy,11.11
1743,6plm.npy,7.05
1744,6plk.npy,8.94
1745,6phd.npy,8.6
1746,6phc.npy,8.34
1747,6phb.npy,7.72
1748,6pdx.npy,11.01
1749,6p7y.npy,9.25
1750,6p7s.npy,9.62
1751,6p67.npy,8.06
1752,6p50.npy,9.0
1753,6oy4.npy,7.46
1754,6ous.npy,10.66
1755,6otc.npy,8.31
1756,6orq.npy,7.52
1757,6oro.npy,4.92
1758,6oqq.npy,7.55
1759,6oor.npy,7.9
1760,6og4.npy,8.89
1761,6oel.npy,6.06
1762,6oc3.npy,8.7
1763,6obn.npy,7.52
1764,6ob1.npy,5.77
1765,6oao.npy,8.79
1766,6oan.npy,8.31
1767,6o8b.npy,4.96
1768,6o60.npy,7.16
1769,6o3o.npy,5.74
1770,6o3b.npy,8.35
1771,6o3a.npy,8.28
1772,6o39.npy,8.77
1773,6o1f.npy,9.6
1774,6o07.npy,7.77
1775,6nzu.npy,5.48
1776,6nuf.npy,7.68
1777,6nuc.npy,7.68
1778,6nrw.npy,4.64
1779,6nr8.npy,6.8
1780,6nmv.npy,9.91
1781,6nmu.npy,9.37
1782,6nmt.npy,9.79
1783,6nms.npy,9.34
1784,6nmr.npy,9.74
1786,6nha.npy,8.92
1788,6ndz.npy,9.7
1789,6n6r.npy,5.42
1791,6mvl.npy,6.74
1792,6mun.npy,6.0
1793,6msu.npy,8.04
1794,6mss.npy,4.84
1795,6msl.npy,8.85
1796,6moe.npy,8.72
1797,6mnr.npy,8.92
1798,6mnq.npy,7.96
1799,6mm6.npy,4.13
1800,6mlm.npy,10.0
1801,6mam.npy,12.0
1802,6m9k.npy,4.92
1805,6k7o.npy,8.54
1806,6k4k.npy,8.19
1807,6k0y.npy,9.05
1808,6jo8.npy,5.22
1809,6jjp.npy,8.45
1810,6jhw.npy,7.74
1811,6jep.npy,8.97
1813,6jbt.npy,9.49
1814,6j9l.npy,5.67
1815,6j9h.npy,7.38
1816,6j7w.npy,9.52
1817,6j6y.npy,9.52
1818,6j5f.npy,6.41
1819,6j5d.npy,7.34
1820,6j56.npy,6.17
1821,6j14.npy,8.81
1822,6j11.npy,7.6
1825,6isu.npy,6.8
1826,6in9.npy,5.92
1829,6iec.npy,6.13
1830,6ieb.npy,7.73
1831,6iea.npy,6.53
1832,6ib8.npy,7.03
1833,6i07.npy,8.0
1834,6ht9.npy,10.0
1835,6hhc.npy,8.62
1836,6h71.npy,7.36
1837,6h6z.npy,8.34
1838,6h3t.npy,8.27
1839,6h3u.npy,7.44
1840,6h2y.npy,8.57
1841,6h15.npy,7.89
1842,6gwc.npy,6.57
1843,6gtq.npy,6.44
1845,6gjq.npy,7.6
1846,6fto.npy,8.59
1847,6fpg.npy,6.99
1848,6fg2.npy,10.96
1850,6f0g.npy,7.26
1851,6ewb.npy,7.23
1852,6ere.npy,7.14
1853,6e4z.npy,8.89
1854,6e4y.npy,5.42
1855,6dwh.npy,9.7
1856,6dwf.npy,8.89
1857,6dld.npy,9.62
1858,6dkj.npy,10.21
1859,6dg5.npy,7.79
1860,6dfs.npy,4.67
1861,6dca.npy,7.07
1862,6dcn.npy,5.85
1863,6dc9.npy,7.82
1864,6dc3.npy,7.47
1865,6d7g.npy,5.54
1866,6d68.npy,6.6
1867,6czo.npy,7.05
1869,6cxg.npy,8.72
1870,6cxf.npy,6.6
1871,6cwg.npy,9.99
1872,6cug.npy,4.95
1873,6c83.npy,6.0
1874,6bx8.npy,6.7
1875,6ath.npy,9.48
1876,6a7v.npy,9.22
1877,6a79.npy,8.09
1878,6a78.npy,6.62
1879,6a6x.npy,7.59
1880,6a6i.npy,4.44
1881,6a3v.npy,7.07
1882,5zvm.npy,6.68
1883,5zqv.npy,6.59
1884,5zo2.npy,5.96
1885,5z7l.npy,5.92
1886,5z7g.npy,5.69
1887,5ymy.npy,7.48
1888,5y9j.npy,9.0
1889,5xkj.npy,5.96
1890,5xjo.npy,5.89
1891,5ock.npy,5.64
1892,5nx3.npy,10.44
1893,5nx1.npy,8.28
1894,5nl1.npy,6.76
1895,5kof.npy,4.42
1896,6j9m.npy,7.09
1897,6h6y.npy,9.79
1898,6fg1.npy,9.05
1899,6dc8.npy,7.67
1900,6a3w.npy,8.64
1901,5swk.npy,5.59
1902,6s8s.npy,6.39
1903,6sak.npy,7.51
1904,6saz.npy,9.85
1905,6thg.npy,8.4
1906,6tzc.npy,5.7
1907,6u2h.npy,9.48
1908,6u8c.npy,7.3
1909,6uda.npy,8.05
1910,6um5.npy,6.27
1911,6uvo.npy,9.24
1912,6uys.npy,5.8
1913,6uyu.npy,5.7
